<core:FragmentDefinition xmlns:core="sap.ui.core" xmlns="sap.m" xmlns:macros="sap.fe.macros">
	<VBox id="_IDGenVBox2" core:require="{ handler: 'mahindrapricing3app/ext/fragment/VehicleDetailsPO'}">
		 <Table id="VehicleTable" items="{path: 'purchaseToQuotation/quototionToEnquiry/enquiryToVehicle'}" >
            <columns>
                <Column id="_IDGenColumn4">
                    <Text id="_IDGenText3" text="Vehicle Code"/>
                </Column>
                <Column id="_IDGenColumn5">
                    <Text id="_IDGenText4" text="Vehicle Name"/>
                </Column>
                <Column id="_IDGenColumn6">
                    <Text id="_IDGenText5" text="Vehicle Color"/>
                </Column>
                <Column id="_IDGenColumn7">
                    <Text id="_IDGenText6" text="Quantity"/>
                </Column>
                <Column id="_IDGenColumn100" >
                    <Text id="_IDGenText100" text="Delivery Date" />
                </Column>
                <Column id="_IDGenColumn101" >
                    <Text id="_IDGenText101" text="Delivery Lead Time" />
                </Column>
                <Column id="_IDGenColumn102" >
                    <Text id="_IDGenText102" text="Shipping Charges" />
                </Column>
                <Column id="_IDGenColumn103" >
                    <Text id="_IDGenText103" text="Shipping Method" />
                </Column>
            </columns>
            <items>
                <ColumnListItem id="_IDGenColumnListItem2">
                    <Text id="_IDGenText11" text="{vehicleCode}"/>
                    <Text id="_IDGenText12" text="{vehicleName}"/>
                    <Text id="_IDGenText13" text="{vehicleColor}"/>
                    <Text id="_IDGenText14" text="{quantity}"/>
                    <HBox id="_IDGenHBox" >
                        <DatePicker id="_IDGenInput100" value="{deliveryDate}" visible="{= ${editModel>/input} }"/>
                        <Text id="_IDGenText17" text="{deliveryDate}" visible="{= ${editModel>/text} }"></Text>
                    </HBox>
                    <HBox id="_IDGenHBox2" >
                        <Input id="_IDGenInput101" value="{deliveryLeadTime}" visible="{= ${editModel>/input} }" />
                        <Text id="_IDGenText18" text="{deliveryLeadTime}" visible="{= ${editModel>/text} }"></Text>
                    </HBox>
                    <HBox id="_IDGenHBox3" >
                        <Input id="_IDGenInput102" value="{shippingCharges}" visible="{= ${editModel>/input} }" />
                        <Text id="_IDGenText19" text="{shippingCharges}" visible="{= ${editModel>/text} }"></Text>
                    </HBox>
                    <HBox id="_IDGenHBox4" >
                        <Input id="_IDGenInput103" value="{shippingMethod}" visible="{= ${editModel>/input} }" />
                        <Text id="_IDGenText20"  text="{shippingMethod}" visible="{= ${editModel>/text} }"></Text>
                    </HBox>
                </ColumnListItem>
            </items>
        </Table>
	</VBox>
</core:FragmentDefinition>