{
  "ext/controller/PurchaseObject.controller.js": 1729079073431,
  "Component.js": 1729076864395,
  "ext/fragment/VehicleDetailsPO.js": 1729078033847,
  "ext/fragment/VehicleAllocation.js": 1729078460451,
  "ext/fragment/InvoiceView.js": 1729078790795,
  "ext/controller/SalesObject.controller.js": 1729079115351,
  "ext/controller/ReleaseSo.js": 1729079094511,
  "i18n/i18n.properties": 1729076902835,
  "ext/controller/InvoiceObject.controller.js": 1729079043367,
  "ext/controller/GenerateSO.js": 1729078996231,
  "ext/controller/GenerateInvoice.js": 1729078958923,
  "manifest.json": 1729139933249,
  "ext/fragment/VehicleDetailsSO.js": 1729078337439,
  "ext/fragment/VehicleAllocation-dbg.js": 1729078460451,
  "ext/fragment/VehicleAllocation.js.map": 1729139933383,
  "ext/fragment/VehicleDetailsPO-dbg.js": 1729078033847,
  "ext/fragment/VehicleDetailsPO.js.map": 1729139933382,
  "Component-dbg.js": 1729076864395,
  "Component.js.map": 1729139933382,
  "ext/fragment/InvoiceView-dbg.js": 1729078790795,
  "ext/fragment/InvoiceView.js.map": 1729139933390,
  "ext/controller/SalesObject-dbg.controller.js": 1729079115351,
  "ext/controller/SalesObject.controller.js.map": 1729139933397,
  "ext/controller/ReleaseSo-dbg.js": 1729079094511,
  "ext/controller/ReleaseSo.js.map": 1729139933395,
  "ext/controller/PurchaseObject-dbg.controller.js": 1729079073431,
  "ext/controller/PurchaseObject.controller.js.map": 1729139933395,
  "ext/controller/InvoiceObject-dbg.controller.js": 1729079043367,
  "ext/controller/InvoiceObject.controller.js.map": 1729139933403,
  "ext/controller/GenerateSO-dbg.js": 1729078996231,
  "ext/controller/GenerateSO.js.map": 1729139933404,
  "ext/controller/GenerateInvoice-dbg.js": 1729078958923,
  "ext/controller/GenerateInvoice.js.map": 1729139933404,
  "ext/fragment/VehicleDetailsSO-dbg.js": 1729078337439,
  "ext/fragment/VehicleDetailsSO.js.map": 1729139933403,
  "Component-preload.js": 1729139933620,
  "Component-preload.js.map": 1729139933620,
  "ext/fragment/VehicleDetailsSO.fragment.xml": 1729079233467,
  "ext/fragment/VehicleDetailsPO.fragment.xml": 1729079208567,
  "ext/fragment/VehicleAllocation.fragment.xml": 1729079174611,
  "ext/fragment/InvoiceView.fragment.xml": 1729079149267,
  "index.html": 1729076864399
}